{"A": {"nrows": 3, "ncols": 4, "data": [0.6338210965729891, 0.48219878744699984, 0.25174534240072544, 0.9046050022167478, 0.955388327833813, 0.3398107402358037, 0.3858198639346919, 0.9882244556106564, 0.9827686794201326, 0.7166542083721829, 0.9723571236748879, 0.18338346306111464]}, "B": {"nrows": 4, "ncols": 3, "data": [0.15355956581984875, 0.7377367904761161, 0.7167347458838235, 0.20119576755826685, 0.2125915747378262, 0.011860169897028983, 0.4903961658343907, 0.06938390096399416, 0.8792811264116858, 0.9520522502988572, 0.9187800602379962, 0.029192973497321417]}, "C": {"nrows": 3, "ncols": 3, "data": [1.1790318262253123, 1.4187046534154124, 0.7077636002215737, 1.3451233982586048, 1.7117966310978228, 1.0568835583769167, 0.9465321691872581, 1.1133342576448282, 1.5732128759317567]}, "Ct": {"nrows": 3, "ncols": 3, "data": [1.1790318262253123, 1.3451233982586048, 0.9465321691872581, 1.4187046534154124, 1.7117966310978228, 1.1133342576448282, 0.7077636002215737, 1.0568835583769167, 1.5732128759317567]}, "Cinv": {"nrows": 3, "ncols": 3, "data": [12.849160807056961, -12.235589034912191, 2.439227789280734, -9.45489165670712, 10.040898514578979, -2.491863912829957, -1.0397126111992074, 0.25584734452737795, 0.9315140445597991]}, "D_det": 71.12227957138144, "D_norm": 23.871358046627172}